<?xml version="1.0" encoding="UTF-8"?>
<beans xmlns="http://www.springframework.org/schema/beans"
       xmlns:xsi="http://www.w3.org/2001/XMLSchema-instance"
       xmlns:context="http://www.springframework.org/schema/context"
       xmlns:mvc="http://www.springframework.org/schema/mvc"
       xsi:schemaLocation="http://www.springframework.org/schema/beans
    http://www.springframework.org/schema/beans/spring-beans.xsd
    http://www.springframework.org/schema/context
    http://www.springframework.org/schema/context/spring-context.xsd
     http://www.springframework.org/schema/mvc
        http://www.springframework.org/schema/mvc/spring-mvc.xsd">
    <context:component-scan base-package="com"/>
    <mvc:annotation-driven/>
    <bean id="ViewResolver" class="org.springframework.web.servlet.view.InternalResourceViewResolver">

        <property name="prefix" value="/WEB-INF/views/"/>
        <property name="suffix" value=".jsp"/>
    </bean>
    <bean id="ds" class="org.springframework.jdbc.datasource.DriverManagerDataSource">
        <property name="driverClassName" value="com.mysql.jdbc.Driver"/>
        <property name="url" value="jdbc:mysql://localhost:3306/springdb"/>
        <property name="username" value="root"/>
        <property name="password" value="root"/>
    </bean>
    <bean id="jdbcTemplate" class="org.springframework.jdbc.core.JdbcTemplate">
        <property name="dataSource" ref="ds"/>
    </bean>
   <bean id="employeeDao" class="com.dao.Impl.EmployeeDaoImpl">
       <property name="jdbcTemplate"  ref="jdbcTemplate"/>  
   </bean>
    
    <bean id="reimbursementDao" class="com.dao.Impl.ReimbursementDaoImpl">
        <property name="jdbcTemplate" ref="jdbcTemplate"/>
    </bean>
    
    <bean id="employeeService" class="com.service.Impl.EmployeeServiceImpl">
        <property name="employeeDao" ref="employeeDao"/>
    </bean>
    <bean id="reimbursementService" class="com.service.Impl.ReimbursementServiceImpl">
        <property name="reimbursementDao" ref="reimbursementDao"/>
    </bean>
    
    
    <bean id="messageSource" class="org.springframework.context.support.ResourceBundleMessageSource">
        <property name="basename" value="message"/>
    </bean>
    <bean id="passwordEncoder" class="org.springframework.security.crypto.bcrypt.BCryptPasswordEncoder"/>
</beans>