<?xml version="1.0" encoding="UTF-8"?>
<beans:beans xmlns="http://www.springframework.org/schema/security"
             xmlns:beans="http://www.springframework.org/schema/beans"
             xmlns:xsi="http://www.w3.org/2001/XMLSchema-instance"
             xsi:schemaLocation="http://www.springframework.org/schema/beans
    http://www.springframework.org/schema/beans/spring-beans.xsd
    http://www.springframework.org/schema/security
    http://www.springframework.org/schema/security/spring-security.xsd">

    <http auto-config="true">
        <intercept-url pattern="/managerPage" access="hasRole('ROLE_MANAGER')"/>
        <intercept-url pattern="/employeepage" access="hasRole('ROLE_EMPLOYEE')"/>
<!--        <intercept-url pattern="reimbursement/viewId" access="hasAnyRole('ROLE_MANAGER','ROLE_EMPLOYEE')"/>-->
<!--        <intercept-url pattern="viewId" access="hasAnyRole('ROLE_MANAGER','ROLE_EMPLOYEE')"/>-->
       <!-- <intercept-url pattern="/customerpage" access="hasRole('ROLE_CUSTOMER')"/>-->
      <!--  <intercept-url pattern="/" access="isAuthenticated()"/>-->
        <form-login
                login-page="/login" default-target-url="/"
                authentication-failure-url="/loginError"
                authentication-success-handler-ref="customSuccessHandler"
                authentication-failure-handler-ref="customFailureHandler"
                login-processing-url="/login"
                username-parameter="userName"
                password-parameter="password"/>

        <logout logout-url="/logout" logout-success-url="/logout" invalidate-session="true"/>
        <access-denied-handler error-page="/deniederror"/>

    </http>



    <authentication-manager>
        <authentication-provider>
            <password-encoder hash="bcrypt"/>
            <jdbc-user-service data-source-ref="ds"
                               users-by-username-query="select userName, concat(password),1  from employee_tab where userName=?"
                               authorities-by-username-query="select userName,role from employee_tab where userName=?"/>
        </authentication-provider>
    </authentication-manager>



    <beans:import resource="spring-servlet.xml"/>

    <beans:bean id="customSuccessHandler" class="com.handler.CustomSuccessHandler">
        <!-- Define a custom AuthenticationFailureHandler bean -->
    </beans:bean>
    <beans:bean id="customFailureHandler" class="com.handler.CustomFailureHandler">

    </beans:bean>
</beans:beans>